review_id,review,review_tokenized,topic,score,topic_title,rating
1,"No.1 from Tokyo
เมนูเด็ด: Chashu Noko Gyokai Ramen, เกี๊ยวซ่า
ร้านตั้งอยู่ชั้น 3 ห้าง Gaysorn Village เรามาสองคนสั่ง 3 อย่าง
1. Shio Ramen (250฿) น้ำซุปไก่เคี่ยวกับซีฟู้ด รสชาติกลมกล่อม เสิร์ฟพร้อมชาชูไก่ สันคอหมู หน่อไม้และสาหร่าย 1 แผ่น
2. Chashu Noko Gyokai Ramen (265฿) น้ำซุปข้นกว่า Shio ramen เสิร์ฟพร้อมอกไก่ สันคอหมู และหมูสามชั้น อร่อยดี
3. เกี๊ยวซ่า 5 ชิ้น (100฿) เมนูซิกเจอร์ของร้าน แป้งด้านนอกกรอบกัดเข้าไปด้านใน juicey สมแล้วที่ได้แรงบันดาลใจมาจากเสี่ยวหลงเปา","No,from,Tokyo,เมนู,เด็ด,Chashu,Noko,Gyokai,Ramen,,,เกี๊ยวซ่า,ตั้งอยู่,ชั้น,ห้าง,Gaysorn,Village,สอง,คน,สั่ง,Shio,Ramen,น้ำ,ซุป,ไก่,เคี่ยว,ซี,ฟู้ด,รสชาติ,กลมกล่อม,เสิร์ฟ,ชาชู,ไก่,สัน,คอ,หมู,หน่อไม้,สาหร่าย,แผ่น,Chashu,Noko,Gyokai,Ramen,น้ำ,ซุป,ข้น,Shio,ramen,เสิร์ฟ,อกไก่,สัน,คอ,หมู,หมูสามชั้น,อร่อย,ดี,เกี๊ยวซ่า,ชิ้น,เมนู,ซิก,เจอร์,แป้ง,ด้านนอก,กรอบ,กัด,เข้าไป,ด้านใน,juicey,สม,แรงบันดาลใจ,มาจาก,เสี่ยว,หลง,เปา",0,0.9992545,foodie review,4
2,"สุดยอดราเมงร้านโปรดในไทย

เมนูเส้นๆนี่เดลิเวอรี่ไม่ได้จริงๆ ยิ่งราเมงนี่ยิ่งหนักเลย ร้านนี้คอราเมงน่าจะรู้จักกันดีอยู่แล้ว ร้านดังจากย่าน Shin Koiwaในโตเกียว คะแนนดีทุกสำนัก คนเยอะ คิวยาวทุกวัน สาขาที่ไทยอยู่ชั้น B1 โรงแรมเอราวัณ

ร้านนี้เค้าโด่งดังเรื่อง ""Tsukemen"" ของดีจริง ไปชิมที่ญี่ปุ่นมาแล้วติดใจ ยกให้เป็นมาตรฐานซึเคะเม็งในใจเลย เส้นเด้ง ซุปดี เครื่องอร่อย กินรวมกันเลิศมาก

Itto tsukemen 270฿++
เมนูเด็ดของร้าน ราเมงแยกเส้นแบบจิ้มจุ่ม เส้นใหญ่หนึบๆทำจากแป้งสาลีผสมจมูกข้าวๆ ซุปรสชาติเข้มข้นจากโครงไก่ ปลาทะเล กุ้งซากุระ และหอยเชลล์
เครื่องเป็นหมูชาชูซูวีนุ่มๆ กินเส้นหมดแล้วก็เติมซุป wadashiเพื่อลดความเข้มข้น ซดเป็นซุปปิดท้าย

ไม่ได้มากินนาน ยังอร่อยเหมือนเดิม ซึเคะเม็งแบบนี้เค้าไม่ซดซุประหว่างจุ่มเส้นกันนะ เดี๋ยวไตจะวาย รอเติม wadashiก่อน แนะนำให้รีบกินตอนซุปยังร้อนๆ สูดเส้นรับกลิ่นรสของน้ำซุป เส้นเด้งๆแบบนี้คือทีเด็ดของราเมงอร่อยๆ พอทำให้หายคิดถึงญี่ปุ่นไปได้","สุดยอด,ราเมง,โปรด,ไทย,เมนู,เส้น,เด,ลิ,เวอ,รี่,ราเมง,หนัก,คอ,ราเมง,รู้จัก,ดี,อยู่แล้ว,ย่าน,Shin,Koiwa,โตเกียว,คะแนน,ดี,สำนัก,คน,คิว,สาขา,ไทย,ชั้น,B,โรงแรม,เอราวัณ,เค้า,โด่งดัง,เรื่อง,"",Tsukemen,"",ดีจริง,ชิม,ญี่ปุ่น,ติดใจ,มาตรฐาน,ซึเคะ,เม็ง,ใจ,เส้น,เด้ง,ซุป,ดี,เครื่อง,อร่อย,กิน,เลิศ,Itto,tsukemen,฿++,เมนู,เด็ด,ราเมง,แยก,เส้น,จิ้ม,จุ่ม,เส้นใหญ่,หนึบ,ทำ,แป้งสาลี,ผสม,จมูกข้าว,ซุป,รสชาติ,เข้มข้น,โครง,ไก่,ปลา,ทะเล,กุ้ง,ซากุระ,หอย,เชลล์,เครื่อง,หมู,ชาชู,ซู,วี,นุ่ม,กินเส้น,แล้วก็,เติม,ซุป,wadashi,ลด,เข้มข้น,ซด,ซุป,ปิดท้าย,กิน,อร่อย,เหมือนเดิม,ซึเคะ,เม็ง,แบบนี้,เค้า,ซด,ซุป,จุ่ม,เส้น,เดี๋ยว,ไต,วาย,รอ,เติม,wadashi,แนะนำ,รีบ,กิน,ตอน,ซุป,ร้อน,สูด,เส้น,กลิ่น,รส,น้ำ,ซุป,เส้น,เด้ง,แบบนี้,ทีเด็ด,ราเมง,อร่อย,หาย,คิดถึง,ญี่ปุ่น",0,0.99959105,foodie review,5
3,"ราเมงอันดับ1จากญี่ปุ่น
Menya Itto ร้านราเมงที่ได้อันดับ 1 ในเว็ปของ Tabelogซึ่งเป็นร้านที่มีชื่อเสียงมากในประเทศญี่ปุ่น ส่วนสาขาที่ไทย ได้ย้ายจากโรงแรมเอราวัณ มาเปิดที่ Gaysorn Village แทนแล้ว ร้านใหม่จะดูโปร่ง โล่งสบายกว่าเดิม เมนูชื่อดังของร้านก็จะเป็นTsukemen
เมนูแนะนำ
Coq au Vin Tsukemen(490) ส่วนตัวเป็นคนที่ชอบTsukemen มาก อันนี้เป็นเมนูใหม่ของร้าน รสชาติไม่เหมือนราเมงที่เคยทานมาก่อนเลย เหมือนเป็นการผสมผสานกันระหว่างญี่ปุ่นและฝรั่งเศส ตัวน้ำซุปจะมีการผสมไวน์ลงไปด้วย ทำให้ได้รสชาติที่เข้มข้น คล้ายๆดื่มไวน์ไป ทานอาหารไป ส่วนตัวไก่ จะเป็นไก่ตัวผู้ ซึ่งเนื้อจะมีรสชาติที่เข้มข้นและนุ่มหนึบ รีบไปลองก่อนของจะหมดน้า
Gyutan Donburi (490) ข้าวหน้าลิ้นวัว ลิ้นวัวเนื้อนุ่มมาก จะมีทั้งส่วนที่เป็นย่าง รมควัน และตุ๋น อร่อยทั้ง2แบบ เวลาทานให้จิ้มไปในซอสไข่ดอง จะเพิ่มความมันๆ นัวๆเข้าไปอีก ตัดเลี่ยนด้วยวาซาบินิดนึง","ราเมง,อันดับ,ญี่ปุ่น,Menya,Itto,ราเมง,อันดับ,เว็ป,Tabelog,มีชื่อเสียง,ในประเทศ,ญี่ปุ่น,สาขา,ไทย,ย้าย,โรงแรม,เอราวัณ,Gaysorn,Village,แทน,ดู,โปร่ง,โล่ง,เดิม,เมนู,ชื่อดัง,Tsukemen,เมนู,แนะนำ,Coq,au,Vin,Tsukemen,ส่วนตัว,คน,ชอบ,Tsukemen,อันนี้,เมนู,รสชาติ,เหมือน,ราเมง,ทาน,เหมือน,ผสมผสาน,ญี่ปุ่น,ฝรั่งเศส,ตัว,น้ำ,ซุป,ผสม,ไวน์,ทำ,ให้ได้,รสชาติ,เข้มข้น,คล้ายๆ,ดื่ม,ไวน์,ทานอาหาร,ส่วนตัว,ไก่,ไก่,ตัวผู้,เนื้อ,รสชาติ,เข้มข้น,นุ่ม,หนึบ,รีบ,ลอง,น้า,Gyutan,Donburi,ข้าว,หน้า,ลิ้น,วัว,ลิ้น,วัวเนื้อ,นุ่ม,ย่าง,รมควัน,ตุ๋น,อร่อย,เวลา,ทาน,จิ้ม,ซอส,ไข่,ดอง,ความมัน,นัว,เข้าไป,ตัด,เลี่ยน,วาซาบิ,นิดนึง",2,0.99938685,user experiances,4
4,"เค็มนำ รสชาติแปลก เกี๊ยวซ่าดี ชาเขียวดีมีแมลงในแก้วด้วย สะดุดพอสมควร แพงไปหน่อย
เกริ่นก่อน คือ หิวมากก แล้วเป็นสายเตี๋ยวโดยเฉพาะ
เวลาคนหิวๆกินอะไรก็น่าจะอร่อย

เมนูที่ร้านมีไม่เยอะ แต่คิดไว้ว่าน่าจะ ว้าว!
เอิ่ม..ก็ว้าว! จริงตั้งแต่คำแรก แต่ตรงกันข้าม -*-

คือเส้นเหนียว หนา เคี้ยวแล้วคล้ายเส้นยากิโซบะ พอกินได้..
เส้นแบนๆแบบหมี่เป๊าะก็เหมือนจะดี อยู่ในซุปแบบราดหน้าเหนียวๆ รสชาติแปลกกก เค็มนำ เติมซุปได้ฟรี แต่เติมแล้วจืดเลย รสชาติยังแปลกอยู่ดี เนื้อชิ้นใหญ่ให้สมราคาแต่จืด

ข้าวชาชู หน้าตาดูดี แต่รสชาติไม่ถึง เหมือนหมักไม่เข้าเนื้อ

ขนมหวาน น้ำตาลหนาไปหน่อยเลยแข็ง ส่วนซอสด้านในหวานเกินไป

น้ำชาเขียว ชาดีชาแบบออกขมๆหน่อย แต่ความสะอาดไม่ค่อย
เพราะเจอแมลงในแก้วค่ะ ดีนะเจอตอนทานเสร็จแล้ว

ไม่งั้นได้อ้วกแน่ๆ บอกพนักงานๆก็แค่เปลี่ยนมาให้ แล้วบอกว่า แมลงอาจจะบินมาตกลงตอนคุณลูกค้าทานอาหาร ห๊ะ!! (เหมือนว่าชั้นผิดที่เจอ) เริ่ด!!

ส่วนตัวคิดว่าราคาค่อนข้างสูงเกินคุณภาพ

สุดท้ายก็ทนกิน เพราะหิวมากๆ อุตส่าห์เดินมาไกล ผิดหวัง","เค็ม,รสชาติ,แปลก,เกี๊ยวซ่า,ดี,ชาเขียว,ดี,แมลง,แก้ว,สะดุด,แพง,เกริ่น,หิว,กก,สาย,เตี๋ยว,โดยเฉพาะ,เวลา,คน,หิว,กิน,อร่อย,เมนู,ว้าว,!,เอิ่ม..,ว้าว,!,ตรงกันข้าม,*,เส้น,เหนียว,หนา,เคี้ยว,เส้น,ยา,กิ,โซ,บะ,กิน,..,เส้น,แบน,หมี่,เป๊าะ,เหมือน,ดี,ซุป,ราดหน้า,เหนียว,รสชาติ,แปลก,กก,เค็ม,เติม,ซุป,ฟรี,เติม,จืด,รสชาติ,แปลก,อยู่ดี,เนื้อ,ชิ้น,สมราคา,จืด,ข้าว,ชาชู,หน้าตา,ดูดี,รสชาติ,เหมือน,หมัก,เข้าเนื้อ,ขนมหวาน,น้ำตาล,หนา,แข็ง,ซอส,ด้านใน,หวาน,เกินไป,น้ำ,ชาเขียว,ชา,ดี,ชา,ขม,ความสะอาด,เจอ,แมลง,แก้ว,ดี,เจอ,ตอน,ทาน,ไม่งั้น,อ้วก,แน่ๆ,พนักงาน,บอ,แมลง,บิน,ตกลง,ตอน,ลูกค้า,ทานอาหาร,ห๊ะ!!,เหมือนว่า,ชั้น,ผิดที่,เจอ,เริ่ด,!!,ส่วนตัว,ราคา,คุณภาพ,สุดท้าย,ทน,กิน,หิว,อุตส่าห์,เดิน,ผิดหวัง",0,0.9995549,foodie review,1
5,"วันก่อนไปธุระที่เกษร ก็เลยแวะทานราเมนร้านดัง Menya Itto ซะหน่อย

เราไม่ใช่สายราเมนค่ะ (ไม่ค่อยชอบกินก๋วยเตี๋ยวอยู่แล้ว และราเมนมักจะมีแต่แป้ง) แต่นานๆกินทีก็โอเค

เราสั่ง shio ramen และให้เค้าลดเค็มให้ด้วยค่ะ น้ำซุปที่ซดไปคำแรกคืออร่อยมากเลย หอม และรสชาติกำลังดี เส้นก็กำลังดีเลยค่ะ และชาชูที่นี่มันน้อยกว่าที่อื่น และยังมีอกไก่อีก เลยเหมือนว่าจะเป็นราเมนที่ ไม่ unhealthy เท่าไหร่นะ

ส่วนคุณนายสั่ง tsukemen เมนูเด็ดของร้าน นางว่าอร่อย แต่เราลองชิมแล้วเราว่าเค็มไปมาก น้ำซุปจะข้นๆ และเส้นอวบๆ เราว่ากินแล้วคล้ายๆขนมจีนไหหลำอยู่เหมือนกันนะคะ

ส่วนเกี๊ยวซ่า ดีงามตามรีวิวจริงๆ แป้งบางและไส้ฉ่ำๆ ดีมากเลยค่ะ","วันก่อน,ธุระ,เก,ษร,แวะ,ทาน,ราเมน,Menya,Itto,สาย,ราเมน,ชอบ,กิน,ก๋วยเตี๋ยว,อยู่แล้ว,ราเมน,แป้ง,กิน,โอเค,สั่ง,shio,ramen,เค้า,ลด,เค็ม,น้ำ,ซุป,ซด,อร่อย,หอม,รสชาติ,กำลังดี,เส้น,กำลังดี,ชาชู,ที่นี่,ที่อื่น,ยังมี,อกไก่,เหมือนว่า,ราเมน,unhealthy,คุณนาย,สั่ง,tsukemen,เมนู,เด็ด,อร่อย,ลอง,ชิม,เค็ม,น้ำ,ซุป,ข้น,เส้น,อวบ,กิน,คล้ายๆ,ขนมจีน,ไหหลำ,เหมือนกัน,นะคะ,เกี๊ยวซ่า,ดีงาม,รีวิว,แป้ง,ไส้,ฉ่ำ,ดีมาก",1,0.99906266,ramen lover,4
6,"The Best Tsukemen in Bangkok (พค 2022 ย้ายมา Gaysorn ชั่วคราว)

เมนูเด็ด: Chashu Itto Tsukemen
เวลาอยากกิน Tsukemen ที่ดีในกรุงเทพ ร้านนี้จะเป็นร้านที่นึกถึงเสมอ สั่งเมนูประจำ Chashu Itto Tsukemen จะได้บะหมี่เย็น พร้อมเนื้อ 3 แบบกับน้ำซุปร้อนแยกกันอีกถ้วย

วิธีทานคือเอาบะหมี่เย็นไปจุ่มน้ำร้อน แล้วตามด้วยท็อปปิ้งจุ่มในรอบต่อไป แล้วก็ทานสลับไปมา เป็นเอกลักษณะของราเมนประเภทนี้

ปกติร้านจะอยู่ที่ Erawan แต่ตอนนี้ทางห้างปิดรีโนเวตชั่วคราว เลยย้ายมาอยู่ที่ Gaysorn Tower โซนตึกใหม่ ชั้น 3 ตรงข้าม nabezo ครับ","The,Best,Tsukemen,in,Bangkok,(พค,ย้าย,Gaysorn,ชั่วคราว,เมนู,เด็ด,Chashu,Itto,Tsukemen,เวลา,กิน,Tsukemen,ดี,กรุงเทพ,นึกถึง,เสมอ,สั่ง,เมนู,ประจำ,Chashu,Itto,Tsukemen,บะหมี่,เย็น,เนื้อ,น้ำ,ซุป,ร้อน,แยกกัน,ถ้วย,วิธี,ทาน,บะหมี่,เย็น,จุ่ม,น้ำร้อน,ท็อป,ปิ้ง,จุ่ม,รอบ,ต่อไป,แล้วก็,ทาน,สลับ,ไปมา,เอก,ลักษณะ,ราเมน,ประเภท,ปกติ,Erawan,ตอนนี้,ห้าง,รี,โน,เวต,ชั่วคราว,ย้าย,Gaysorn,Tower,โซน,ตึก,ชั้น,ตรงข้าม,nabezo",2,0.9991419,user experiances,4
7,"หนึ่งในร้านราเมนที่คนรักราเมนคิดถึง โดยเฉพาะ สึเคเมน
แถมร้านยังออกเมนูใหม่ๆมาให้fc ลองชิมได้ตลอด

วันนี้ไปลองเมนูพิเศษฉลองตรุษจีน Awabi Tsukemen (690.-)
ทางร้านบอกว่าเมนูได้แรงบันดาลใจจาก Pen Cai ตำรับกวางตุ้ง ที่เอาเป๋าฮื้อกับหอยเชลล์ดิบๆมาไว้ด้วยกัน แล้วราดด้วยตับเป๋าฮื้อ ยุซุและพริกซันโช น่าสนใจมากๆ

แถมรอบนี้ ตัวเส้นแบบ Hosomen เป็นเส้นเล็กเรียวลงกมาได้พอดีมากๆ เข้ากันดีกับซุปที่เป็นเบสไก่ไพตัน ผสมวัตถุดิบทะเลหลายชนิด หอยเป๋าฮื้อ โฮตาเตะ และกุ้ง เข้มข้นมากๆ แต่เค็มน้อยกว่าชามปกตินะ ใส่โฮตาเตะเล็กมาให้อีกด้วย

อีกชามที่เพิ่งเคยสั่ง คือ Chashu Shio ramen (280.-) ซุปเบสไก่กลิ่นชัดๆ ข้นกว่าที่อื่นนิดนึง ผสมผสานเกลือทะเล เส้นเล็กเด้ง แฟนเราชอบมาก ส่วนตัวไม่ชอบกลิ่นซุปไก่ชัดๆ ชอบทางใสๆสดชื่นๆมากกว่า แต่ถือว่าเป็นชามอร่อยของหลายคนเลยนะ

เกี๊ยวซ่า ยังคงครองใจเรา แม้ไม่ชอบน้ำจิ้มเค็มโดดแบบนี้ แต่เกี๊ยวซ่าอร่อยมาก จนไม่ต้องจิ้มมากเลย แป้งบางเหนียวเด้ง ไส้หอมต้นหอม รสชาติดี ทอดมากรอบนิดๆ พอดีคำ ชอบมากๆ ต้องสั่งทุกทีไป

สามารถจองโต๊ะๆด้ในappChope ล่วงหน้าอย่างน้อย 1 วัน

โทรจองเมนูพิเศษล่วงหน้าได้ เราโทรช่วง 11.00น. วันที่จะไปกินตลอด ","ราเมน,คนรัก,ราเมน,คิดถึง,โดยเฉพาะ,สึ,เค,เมน,แถม,เมนู,fc,ลอง,ชิม,ลอง,เมนู,พิเศษ,ฉลอง,ตรุษจีน,Awabi,Tsukemen,บอ,เมนู,แรงบันดาลใจ,Pen,Cai,ตำรับ,กวางตุ้ง,เป๋าฮื้อ,หอย,เชลล์,ดิบ,ราด,ตับ,เป๋าฮื้อ,ยุ,ซุ,พริก,ซัน,โช,น่าสนใจ,แถม,รอบ,ตัว,เส้น,Hosomen,เส้น,เรียว,ก,ดีมาก,เข้ากัน,ดี,ซุป,เบส,ไก่,ไพ,ตัน,ผสม,วัตถุดิบ,ทะเล,หลายชนิด,หอย,เป๋าฮื้อ,โฮ,ตา,เตะ,กุ้ง,เข้มข้น,เค็ม,ชาม,ปกติ,ใส่,โฮ,ตา,เตะ,อีกด้วย,ชาม,สั่ง,Chashu,Shio,ramen,ซุป,เบส,ไก่,กลิ่น,ชัด,ข้น,ที่อื่น,นิดนึง,ผสมผสาน,เกลือ,ทะเล,เส้น,เด้ง,แฟน,ชอบ,ส่วนตัว,ชอบ,กลิ่น,ซุป,ไก่,ชัด,ชอบ,ใส,สดชื่น,ชาม,อร่อย,คน,เกี๊ยวซ่า,ครองใจ,ชอบ,น้ำจิ้ม,เค็ม,โดด,แบบนี้,เกี๊ยวซ่า,อร่อย,ไม่ต้อง,จิ้ม,แป้ง,เหนียว,เด้ง,ไส้,หอม,ต้น,หอม,รสชาติ,ดี,ทอด,กรอบ,ชอบ,สั่ง,จอง,โต๊ะ,ๆด้,appChope,ล่วงหน้า,โทร,จอง,เมนู,พิเศษ,ล่วงหน้า,โทร,น.,ที่จะ,กิน",2,0.9995854,user experiances,5
8,"ราเมนร้านดังจากโตเกียว

จำได้ว่าตอนร้านเปิดใหม่ๆ ตรงรอคิวนานมากทีเดียว เมนู signature ของทางร้านต้องเป็น Tsukemen ราเมนเส้นเย็นเสริฟ์แยกมากับน้ำซุปร้อน ตอนแรกก็ว่าจะสั่ง แต่พอเห็นเมนูราเมนวากิว เราก็แพ้ทางเลยทันทีเปลี่ยนใจ ขอสั่งเลย Clam Shoyu Ramen with Blackmore Wagyu MBS9+ (395) ราเมนในน้ำซุปไก่+หมู +หอยถึง 3 อย่าง Asari, Hamaguri และ Shijimi clams น้ำมันสกัดเห็ดพอร์ชินี่และโชยุที่ผ่านการบ่มรสชาติอยู่ในถังไม้ถึง 4 ปี น้ำซุปมีความหอมรสชาติกลมกล่อมเป็นเอกลักษณ์ โปะเนื้อวากิวสไลซ์ชิ้นใหญ่แผ่เต็มชาม อร่อยฟินมาก

ส่วนใครไม่อยากทานราเมน สั่งเป็นข้าวหน้าชาชูก็อร่อยนะ เป็นมิกซ์ชาชูหมูกับไก่หั่นเป็นลูกเต๋า ราดซอสเทริยากิโปะไข่ออนเซน สามารถเพิ่ม truffle paste ได้ด้วย เพิ่มอีก 100 บาท เพิ่มกลิ่นทรัฟเฟิลหอมๆ เข้าไปอีก

โดยรวมก็ยังชอบนะ อาจจะไม่ดูพลุกพล่านเหมือนแต่ก่อน แต่ก็มีลูกค้าทั้งคนและญี่ปุ่นแวะเวียนมาทานกันเรื่อยๆ","ราเมน,โตเกียว,จำได้,ตอน,รอ,คิว,เมนู,signature,Tsukemen,ราเมน,เส้น,เย็น,เส,ริฟ์,แยก,น้ำ,ซุป,ร้อน,ตอนแรก,สั่ง,เมนู,ราเมน,วา,กิว,แพ้ทาง,เปลี่ยนใจ,สั่ง,Clam,Shoyu,Ramen,with,Blackmore,Wagyu,MBS,ราเมน,น้ำ,ซุป,ไก่,หมู,หอย,Asari,,,Hamaguri,Shijimi,clams,น้ำมัน,สกัด,เห็ด,พอร์,ชิ,โช,ยุ,การบ่ม,รสชาติ,ถัง,ไม้,ปี,น้ำ,ซุป,หอม,รสชาติ,กลมกล่อม,เอกลักษณ์,โปะ,เนื้อ,วา,กิวสไลซ์,ชิ้น,แผ่,เต็ม,ชาม,อร่อย,ฟิน,ทาน,ราเมน,สั่ง,ข้าว,หน้า,ชาชู,อร่อย,มิกซ์,ชาชู,หมู,ไก่,หั่น,ลูกเต๋า,ราด,ซอส,เท,ริ,ยา,กิ,โปะ,ไข่,ออน,เซน,truffle,paste,กลิ่น,ทรัฟเฟิล,หอม,เข้าไป,โดยรวม,ชอบ,ดู,พลุกพล่าน,เหมือน,ลูกค้า,ญี่ปุ่น,แวะเวียน,ทาน",2,0.9994634,user experiances,4
9,"
ได้ยินชื่อเสียงของราเมนร้านนี้จากหลายๆท่านในวงใน
ว่าร้านนี้เคยได้อันดับ 1 ของเว็บ tabelog เว็บรีวิวอาหาร
ชื่อดังจากญี่ปุ่น ทำให้ดูน่าสนใจที่จะไปลองมาก
ร้านนี้อยู่ชั้น LG ตึก Erawan Hyatt Plaza ตรงด้านหน้า
ติดกับร้าน nara
เมนูที่ลองสั่งวันนี้เลยก็คือเมนู Itto Gyokai Tsukemon
ราเมนเย็นเสริฟแยกมากับน้ำซุปที่เข้มข้นมากๆ เส้นราเมน
เย็นมีความเหนียวนุ่มอร่อยมากกินคู่กับน้ำซุปที่ร้อนๆตัด
กันได้ดี น้ำซุปแอบมีความเค็มพอตัวต้องเติมน้ำซุปของที่
ร้านเพิ่มไปหน่อยค่อยลงตัวขึ้นมาเยอะ ในน้ำซุปก็มีหมูปั้น
อร่อยแซมมาด้วยซึ่งอร่อยดีเหมือนกัน ในชามยังมีหมูชาชู
มาอีกชิ้นกินเข้าคู่กันได้เป็นอย่างดี
โดยรวมแล้วก็อร่อยในระดับนึงแต่ไม่ถึงกับว้าวอะไร","ได้ยิน,ชื่อเสียง,ราเมน,ท่าน,วงใน,อันดับ,เว็บ,tabelog,เว็บ,รีวิว,อาหาร,ชื่อดัง,ญี่ปุ่น,ดู,น่าสนใจ,ที่จะ,ลอง,ชั้น,LG,ตึก,Erawan,Hyatt,Plaza,ด้านหน้า,ติดกับ,nara,เมนู,ลอง,สั่ง,เมนู,Itto,Gyokai,Tsukemon,ราเมน,เย็น,เส,ริ,ฟ,แยก,น้ำ,ซุป,เข้มข้น,เส้น,ราเมน,เย็น,ความเหนียว,นุ่ม,อร่อย,กิน,คู่,น้ำ,ซุป,ร้อน,ตัด,ได้ดี,น้ำ,ซุป,แอบ,ความเค็ม,เติม,น้ำ,ซุป,ลงตัว,น้ำ,ซุป,หมู,ปั้น,อร่อย,แซม,อร่อย,ดี,เหมือนกัน,ชาม,ยังมี,หมู,ชาชู,ชิ้น,กิน,เข้าคู่,ดี,โดยรวม,แล้วก็,อร่อย,ระดับ,นึง,ถึงกับ,ว้าว",1,0.9992564,ramen lover,3
10,คิวยังยาวอยู่มั้ยคะ เห็นคิวเยอะคนรอนานมาก กลัวจะไปรอเกอ ค่ะ,"คิว,คิว,คน,รอ,กลัว,รอ,เก,อ",0,0.99317265,foodie review,3
11,เห็นสีของหมูชมพู๊ชมพูค่ะ ไม่กล้ากิน ,"สี,หมู,ชม,พู๊,ชมพู,กล้า,กิน",1,0.990866,ramen lover,3
12,"จุดเด่นของร้านคือ เส้น Homemade และน้ำซุปสูตรเฉพาะของทางร้านค่ะ
แน่นอนว่าเราต้องลอง Signature ก่อนนะคะ

Tsukemen นี่มีป้ายบอกวิธีกินด้วยอ่ะ

เมนูนี้เลย Chashu Itto Tsukemen
เสิร์ฟแยกกันระหว่างซุปกับเส้น ตัวเส้นเป็นลักษณะหนานุ่ม Topping บนชามมี ไก่ชาชู หมูชาชู หมูสามชั้น และแผ่นสาหร่าย
น้ำซุปดูเข้มข้นมาก พร้อมลูกชิ้นไก่สับกับกระดูกอ่อน 2 ชิ้น

เวลากินคือจุ่มเส้นลงไปเลยจ้า
หากน้ำซุปเข้มข้นไป สามารถเติมน้ำซุปได้ค่ะ ซึ่งบนโต๊ะของทุกๆโต๊ะนั้นจะมีน้ำซุป ""Wadashi"" เอาไว้เติมค่ะ
ท็อปปิ้งมีให้เลือกสั่งเพิ่ม

แน่นอนว่าต้องสั่ง Tamako หรือ ไข่ต้มแช่ซอส มาใส่ในชามราเมงเพิ่มด้วยจ้า
ชิมแล้วบอกเลยว่าฟินมาก กับ Signature น้ำซุปรสเข้มข้นของชามนี้

มาลองเมนูใหม่กันบ้าง
""Mazemen"" 2 รสชาติ ราเมนโฮมเมดเส้นเล็ก เหนียว นุ่ม ตามสไตล์เมนยะอิตโตคลุกซอสสูตรพิเศษขลุกขลิก ซึ่งเมนูใหม่นี้มีจำหน่ายถึงช่วงสงกรานต์ 2561 นี้นะคะ

Spicy Mazemen スパイシーまぜ麺
ราเมนรสเผ็ดแบบแห้งคลุกซอสสูตรเผ็ดขลุกขลิกแบบธรรมดา และแบบเพิ่มท็อปปิ้ง สดฉ่ำของอิคุระ (ไข่ปลาแซลมอน) ส่งตรงจากฮอกไกโด เก๋ตรงมีแค็บหมูให้ความกรุบกรอบเข้ากันดีด้วยค่ะ ชามนี้กินแล้วต้องบอกว่าถูกใจคนไทยแน่นอน เพราะความที่มีรสเผ็ด ทำให้กินได้เรื่อยๆ จนหมดชาม

Truffle Mazemen with Cheese トリュフチーズまぜ麺
ราเมนเส้นเล็กแบบแห้งได้ กลิ่นหอมที่มีเอกลักษณ์เฉพาะของเห็ดทรัฟเฟิล และชีส (จำกัดเสิร์ฟ 15 ชามต่อวัน) จานนี้ให้ความรู้สึกเหมือนสปาเก็ตตี้ แบบครีมมี่ดีงาม เหมาะกับคนชอบรสชาติสไตล์อินเตอร์ค่ะ

อ่ะลอง Signature อีกสัก 1 เมนูค่ะ
Shio Ramen ราเมนซุปใส เสิร์ฟพร้อมอกไก่ชาชู หมูชาชู หน่อไม้ แผ่นสาหร่าย เส้นของชามนี้เป็นแบบเส็นเล็ก น้ำซุปใสแต่รสชาติแน่น กลมกล่อม ชามนี้เหมาะกับทุกคนได้เลยค่ะ

ยังไม่หมด มาแล้วก็ต้องลองขนมใหม่ พึ่งขายได้ไม่กี่วัน Hokkaido Milk Crème Brulee เนื้อละมุน หอม หน้ากรอบ ก้นถ้วยมีสตอเบอร์รี้ด้วย เป็นขนม Homemade ที่ดีงามจริงๆ ไม่หวานเกินไปด้วยค่ะ อย่าลืมมาลองกัน

เครื่องดื่มแนะนำยูสุโซดา เปรี้ยว และ ซ่า สดชื่นดีค่ะ

ใครที่ชอบกินราเมง อย่าลืมไปลองกัน คุ้มค่ากับความอร่อยแน่นอน ไม่ต้องบินไปถึงโตเกียวไปต่อคิวกิน มากินที่นี่ก็อิน ก็ฟินสุดๆ ได้จ้า","จุดเด่น,เส้น,Homemade,น้ำ,ซุป,สูตร,แน่นอน,ลอง,Signature,นะคะ,Tsukemen,ป้าย,วิธี,กิน,อ่ะ,เมนู,Chashu,Itto,Tsukemen,เสิร์ฟ,แยกกัน,ซุป,เส้น,ตัว,เส้น,ลักษณะ,หนา,นุ่ม,Topping,ชาม,ไก่,ชาชู,หมู,ชาชู,หมูสามชั้น,แผ่น,สาหร่าย,น้ำ,ซุป,ดู,เข้มข้น,ลูกชิ้น,ไก่,สับ,กระดูกอ่อน,ชิ้น,เวลา,กิน,จุ่ม,เส้น,น้ำ,ซุป,เข้มข้น,เติม,น้ำ,ซุป,โต๊ะ,โต๊ะ,น้ำ,ซุป,"",Wadashi,"",เอาไว้,เติม,ท็อป,ปิ้ง,เลือก,สั่ง,แน่นอน,สั่ง,Tamako,ไข่ต้ม,แช่,ซอส,ใส่,ชาม,ราเมง,ชิม,ฟิน,Signature,น้ำ,ซุป,รส,เข้มข้น,ชาม,ลอง,เมนู,"",Mazemen,"",รสชาติ,ราเมน,โฮมเมด,เส้น,เหนียว,นุ่ม,สไตล์,เม,นยะ,อิต,คลุก,ซอส,สูตร,พิเศษ,ขลุกขลิก,เมนู,จำหน่าย,สงกรานต์,นะคะ,Spicy,Mazemen,スパイシーまぜ麺,ราเมน,รส,เผ็ด,แห้ง,คลุก,ซอส,สูตร,เผ็ด,ขลุกขลิก,ธรรมดา,ท็อป,ปิ้ง,สด,ฉ่ำ,อิ,คุ,ระ,ไข่ปลา,แซลมอน,ฮอกไกโด,เก๋,แค็บ,หมู,กรุบ,กรอบ,เข้ากัน,ดี,ชาม,กิน,บอ,ถูกใจ,คนไทย,แน่นอน,มีรส,เผ็ด,กิน,ชาม,Truffle,Mazemen,with,Cheese,トリュフチーズまぜ麺,ราเมน,เส้น,แห้ง,กลิ่นหอม,เอกลักษณ์,เห็ด,ทรัฟเฟิล,ชีส,จำกัด,เสิร์ฟ,ชาม,จาน,ความรู้สึก,เหมือน,สปา,เก็ตตี้,ครีม,มี่,ดีงาม,เหมาะกับ,คน,ชอบ,รสชาติ,สไตล์,อินเตอร์,อ่ะ,ลอง,Signature,สัก,เมนู,Shio,Ramen,ราเมน,ซุป,ใส,เสิร์ฟ,อกไก่,ชาชู,หมู,ชาชู,หน่อไม้,แผ่น,สาหร่าย,เส้น,ชาม,เส็น,น้ำ,ซุป,ใส,รสชาติ,แน่น,กลมกล่อม,ชาม,เหมาะกับ,แล้วก็,ลอง,ขนม,ขาย,กี่,Hokkaido,Milk,Cr,è,me,Brulee,เนื้อ,ละมุน,หอม,หน้า,กรอบ,ก้น,ถ้วย,สตอ,เบอร์,รี้,ขนม,Homemade,ดีงาม,หวาน,เกินไป,อย่า,ลืม,ลอง,เครื่องดื่ม,แนะนำ,ยู,สุ,โซดา,เปรี้ยว,ซ่า,สดชื่น,ดี,ชอบ,กิน,ราเมง,อย่า,ลืม,ลอง,คุ้มค่า,อร่อย,แน่นอน,ไม่ต้อง,บิน,โตเกียว,คิว,กิน,กิน,ที่นี่,อิน,ฟิน",0,0.9997916,foodie review,5
13,"Ramen เจ้าดัง แต่ยังไม่ค่อยปังเท่าไร
ร้านนี้ มีเมนูราเมนหลักๆ 3อย่าง วันนี้มาลองสั่ง ครบเลย 3อย่าง
-อันแรก tsukemen อันนี้รสชาติถือว่าดีสุดใน 3 ชามที่สั่งมา น้ำเข้มข้น แต่ ยังไม่ปังเท่าร้านอื่น (เอาเป็นว่าถูกปากน้อยสุดในบรรดาร้านที่เคยทานมาเลย)
-ชามที่สอง จำชื่อไม่ได้ แต่เป็นซุบไก่ น้ำซุบจะเหลืองอ่อนๆดูใสๆทานแล้วรู้สึกธรรมดา แต่ได้กลิ่นซุบไก่ขึ้นจมูกเลยทีเดียว รู้สึกไม่ค่อยเหมือนราเมนญี่ปุ่นเท่าไหร่ เพราะปกติ ไม่น้ำซุบหมูก็ซุบปลา
-ชามที่สาม ซุบเกลือ อันนี้ด้อยสุดใน 3ชามที่สั่งมา ค่อยข้างเค็ม แต่ถ้าใครชอบแนวเค็มๆเกลือๆก็ไปลองกันได้นะครับ แต่ส่วนตัวไม่ถนัดแนวนี้
-หมูชาชู ที่นี่ หนา นุ่ม อันนี้ชมนะ อร่อยครับ
-เกี๊ยวซ่า ก็พอได้ พื้นๆครับ
สุดท้ายเรื่องราคาค่อนข้างสูงโดย tsukemen 300 กว่า++ ส่วนอีก2ชาม ชามละ 200กว่าๆ++เช่นกัน","Ramen,เจ้า,ปัง,เมนู,ราเมน,หลัก,ลอง,สั่ง,tsukemen,อันนี้,รสชาติ,ดี,ชาม,สั่ง,น้ำ,เข้มข้น,ปัง,เอาเป็นว่า,ถูกปาก,บรรดา,ทาน,ชาม,ที่สอง,ชื่อ,ซุบ,ไก่,น้ำ,ซุบ,เหลือง,อ่อน,ดู,ใส,ทาน,รู้สึก,ธรรมดา,ได้กลิ่น,ซุบ,ไก่,จมูก,รู้สึก,เหมือน,ราเมน,ญี่ปุ่น,ปกติ,น้ำ,ซุบ,หมู,ซุบ,ปลา,ชาม,ที่สาม,ซุบ,เกลือ,อันนี้,ด้อย,ชาม,สั่ง,เค็ม,ชอบ,แนว,เค็ม,เกลือ,ลอง,ส่วนตัว,ถนัด,แนว,หมู,ชาชู,ที่นี่,หนา,นุ่ม,อันนี้,ชม,อร่อย,เกี๊ยวซ่า,พอได้,สุดท้าย,เรื่อง,ราคา,tsukemen,ชาม,ชา,มละ,ๆ++",1,0.99922985,ramen lover,3
14,"รสชาติญี่ปุ่นๆแท้ 
ร้านราเมนชื่อดังจากญี่ปุ่น บอกเลยไม่ได้ทำการบ้านมาหรอก แม้ว่าส่วนตัวจะชอบกินราเมนแต่ไม่ใช่แฟนคลับชนิดที่ร้านไหนเด็ดดังต้องตามไปกินขนาดนั้น

ส่วนร้านนี้เห็นฮือฮาตั้งแต่แรกๆที่มาเปิด คนก็เห่อกันตามประสารอคิวยันดึกดื่น(เห็นน้องในเฟสคอยอยู่) มื้อนี้ได้มีโอกาสทานเพราะออกไปทำงานข้างนอก ร้านอยู่ในโรงแรมเอราวัณ ราชประสงค์ ชั้นที่มีอาหารเยอะๆ

ตัวร้านตกแต่งแบบญี่ปุ่นๆ มีทั้งนั่งโต๊ะและเคาน์เตอร์ บาร์ เมนูมีแต่ราเมน เพิ่มมาหน่อยเป็นผักลวกและเกี๊ยวซ่า ชาเขียวมีแบบรีฟิล แก้วละ 50 บาท

Itto Noko Gyokai Ramen - เรากินอันนี้ ในเมนูมีสามชั้น แฮม อกไก่ ความรู้สึกแรกที่เข้าปากคือเข้มข้นจนเค็ม รสชาติญี่ปุ่นแท้แบบที่ถ้าคนชอบคือชอบเลยนะ ไม่ชอบคือเลี่ยนมาก เราว่าที่เราได้กินนี่ค่อยไปทางเลี่ยนๆมากกว่า ก็ทานได้แต่ไม่ได้ว้าว ประทับใจขนาดนั้น ส่วนเนื้อสัตว์โอเค อร่อยอยู่ นุ่มมาก ไก่นี่นุ่มจนเหมือนไม่ใช่ไก่ เส้นราเมนกลางๆ ราคาต่อชามสูงมาก มาทานเองคงไม่สเป็คอ่ะ

เกี๊ยวซ่า - อร่อยดี ไส้กลมกล่อม มันนิดหน่อยแต่ไม่มาก

เมนูอื่นๆที่ถ่ายมาเป็นของพี่ๆ ลองชิมดูก็พอว่าแบบแยกเส้น แยกน้ำจะอร่อยกว่าเพราะไม่เค็ม ไม่เลี่ยนเท่าแบบที่ใส่น้ำมาเลย

ส่วนตัวก็กินให้รู้ คนที่ชอบแบบนี้ก็มี แต่เราไม่ได้ชอบแบบนี้จ้า มาลองเองดีกว่า...อย่าเพิ่งเชื่อใคร ","รสชาติ,ญี่ปุ่น,ราเมน,ชื่อดัง,ญี่ปุ่น,ทำการบ้าน,หรอก,ส่วนตัว,ชอบ,กิน,ราเมน,แฟนคลับ,ชนิด,เด็ด,ต้องตาม,กิน,ขนาด,ฮือฮา,ตั้งแต่แรก,ที่มา,คน,เห่อ,ตามประสา,รอ,คิว,ยัน,ดึกดื่น,น้อง,เฟส,คอย,มื้อ,มีโอกาส,ทาน,ทำงาน,ข้างนอก,โรงแรม,เอราวัณ,ราชประสงค์,ชั้น,อาหาร,ตัว,ตกแต่ง,ญี่ปุ่น,นั่ง,โต๊ะ,เคาน์เตอร์,บาร์,เมนู,ราเมน,ผัก,ลวก,เกี๊ยวซ่า,ชาเขียว,รี,ฟิล,แก้ว,Itto,Noko,Gyokai,Ramen,กิน,อันนี้,เมนู,สามชั้น,แฮม,อกไก่,ความรู้สึก,ปาก,เข้มข้น,เค็ม,รสชาติ,ญี่ปุ่น,คน,ชอบ,ชอบ,ชอบ,เลี่ยน,ว่าที่,กิน,เลี่ยน,ทาน,ว้าว,ประทับใจ,ขนาด,เนื้อสัตว์,โอเค,อร่อย,นุ่ม,ไก่,นุ่ม,เหมือน,ไก่,เส้น,ราเมน,กลางๆ,ราคา,ชาม,ทาน,สเป็ค,อ่ะ,เกี๊ยวซ่า,อร่อย,ดี,ไส้,กลมกล่อม,เมนู,ถ่าย,พี่,ลอง,ชิม,ดู,แยก,เส้น,แยก,น้ำ,อร่อย,เค็ม,เลี่ยน,ใส่,น้ำ,ส่วนตัว,กิน,รู้,คน,ชอบ,แบบนี้,ชอบ,แบบนี้,ลอง,ดีกว่า,...,อย่า",1,0.9995097,ramen lover,3
15,"ไม่ค่อยประทับใจค่ะครั้งนี้ แอบผิดหวัง:(
‘Menya Itto’ เอราวัณ
ร้านราเมงที่ชั้น G ตึกเอราวัณค่ะ
เดิมทีเคยมากินร้านนี้ตั้งแต่เปิดใหม่ๆเลย ตอนนั้นคนเยอะมาก
มาตั้งแต่ร้านเปิดช่วงมื้อเย็น นั่งรอแพร๊พนึงไม่นานก็ได้เข้า
จำได้ว่ารสชาติมันเค็มเข้มข้นดี วันนั้นน่าจะเจอเจ้าของร้านด้วย
มาสวัสดีขอบคุณที่มากินที่ร้านอยู่เลย

พอดีวันนี้อยู่ๆก็อยากกินราเมงขึ้นมา ละก็ไม่ได้มาร้านนี้นานแล้ว
เลยตัดสินใจมากินกันค่ะ:)

ถ้าจะมากินร้านนี้ สามารถจอดรถได้ที่ตึกเอราวัณเลยค่ะ
ละมาปั๊มบัตรจอดรถได้ที่ร้านอาหารเลย

วันนี้เอ๊ะมากัน 4คนค่ะ เลยสั่งมาคนละอย่างเลย
มาอย่างหิวกันเลย เริ่มต้นที่ ‘เกี๊ยวซ่า’ ค่ะ
เป็นเกี๊ยวซ่าทอด มา 5ชิ้นเล็กๆ ถ้าหิวมากๆ คนเดียวก็หมดนะคะ ฮ่าๆ
ชิ้นพอดีคำเลย แป้งบางใช้ได้ แต่ไส้ค่อนข้างน้อยค่ะ
น้ำจิ้มตามมาตรฐาน สำหรับจานนี้รสชาติถือว่าใช้ได้ค่ะ

‘Chashu Itto Tsukemen’ 350฿
ชามนี้ทางร้านขึ้นชื่อว่าเป็น signature เลยนะคะ
ชามนี้จะเสิร์ฟเป็นเส้นแบบหนากว่าชามอื่นค่ะ มาแบบเย็น
พร้อมน้ำซุป ซึ่งเป็นน้ำซุปที่เคี่ยวจากไก่ ปลา กุ้ง และหอยเชลล์
เคี่ยวนานถึง 18ชม.เชียวนะ ออกมาละรสชาติออกทางเข้มข้น
และค่อนข้างเค็มเลยค่ะ เวลากินจะกินแบบหมี่เย็นเลย จิ้มจุ่มซูด
ละน้ำซุปเข้มข้นที่มาเนี่ย เราจะสามารเติมน้ำซุปใส
ซึ่งทางร้านเตรียมใส่เหยือกไว้ที่โต๊ะแล้วลงไปเพื่อเจือจางได้อีกค่ะ
ซึ่งจะสามารถทำให้เราซดได้คล่องคอมากขึ้น
เซตนี้มีเนื้อหมูมาให้ และมีลูกชิ้นหมูสับมาในน้ำซุป
และมีพริกบ่นมาคู่ด้วย
รสชาติเข้มข้นมากถึงขั้นเค็มเลยค่ะวันนี้ เส้นแข็งไปหน่อย
ตัวหมูวันนี้ไม่ค่อยอร่อยเท่าไร เนื้อหมูนิ่มจริง แต่ไม่ค่อยมีรสชาติเลยค่ะ

‘Chashu Noko Gyokai Ramen’ 240฿
ชามนี้เป็นลัการะน้ำซุปเข้มข้น เส้นนิ่มกว่าชามแรกค่ะ เค็มไม่เท่า
มีกลิ่นปลาแห้ง (ซีฟู๊ต) ค่อนข้างแรงหน่อย
เนื้อหมูและไก่ก็ถือว่าไม่ค่อยอร่อยเหมือเดิมค่ะ
ค่อนข้างผิดหวัง

‘Chashu Shio Ramen’ 280฿
อันนี้ราเมงรสเกลือค่ะ เส้นนิ่มหน่อย น้ำซุปใสๆ กินง่าย
เนื้อหมูและไก่ก็ถือว่าไม่ค่อยอร่อยเหมือเดิมค่ะ
ชามนี้ถือว่าดีสุดในทั้งหมด 3ชามค่ะ

‘ข้าวหน้าหมูชาชูไข่ออนเซ็น’
ชามนี้ชิมไปคำนึงค่ะ คุณพ่อกินจานนี้บอกว่าอร่อยดีนะคะ
ชิมเองละส่วนตัวคิดว่าหวานไปหน่อย แต่ถือว่าโอเคอยู่นะคะ

สิ่งที่เอ๊ะชอบที่สุดในวันนี้ คือ ไข่ต้ม ค่ะ
ทำมาได้ดี สุกกำลังดี และรสชาติเค็มนิดๆ อร่อยดีค่ะ

สรุปว่าร้านนี้เอ๊ะไม่ค่อยประทับใจเลยค่ะ
รสชาติเปลี่ยนไปจากวันแรกที่เคยกิน
คิดว่าคงมารอบนี้ละพอละค่ะ:)","ประทับใจ,แอบ,ผิดหวัง,:(,Menya,Itto,เอราวัณ,ราเมง,ชั้น,G,ตึก,เอราวัณ,เดิมที,กิน,ตอนนั้น,คน,มื้อ,เย็น,นั่ง,รอ,แพ,ร๊พ,นึง,จำได้,รสชาติ,เค็ม,เข้มข้น,ดี,เจอ,เจ้าของร้าน,สวัสดี,ขอบคุณ,ที่มา,กินที่,อยู่เลย,กิน,ราเมง,ตัดสิน,ใจมา,กินกัน,:),กิน,จอด,รถ,ตึก,เอราวัณ,ละมา,ปั๊ม,บัตรจอดรถ,ร้านอาหาร,เอ๊ะ,คน,สั่ง,คนละอย่าง,หิว,เริ่มต้น,เกี๊ยวซ่า,เกี๊ยวซ่า,ทอด,ชิ้น,หิว,คนเดียว,นะคะ,ฮ่า,ชิ้น,แป้ง,ใช้ได้,ไส้,ข้างน้อย,น้ำจิ้ม,มาตรฐาน,สำหรับ,จาน,รสชาติ,ใช้ได้,Chashu,Itto,Tsukemen,ชาม,ขึ้นชื่อว่า,signature,นะคะ,ชาม,เสิร์ฟ,เส้น,หนา,ชาม,เย็น,น้ำ,ซุป,เป็นน้ำ,ซุป,เคี่ยว,ไก่,ปลา,กุ้ง,หอย,เชลล์,เคี่ยว,ชม.,เชียว,ออกมา,รสชาติ,เข้มข้น,เค็ม,เวลา,กิน,กิน,หมี่,เย็น,จิ้ม,จุ่ม,ซูด,น้ำ,ซุป,เข้มข้น,ที่มา,สา,มาร,เติม,น้ำ,ซุป,ใส,เตรียม,ใส่,เหยือก,โต๊ะ,เจือจาง,ซด,คล่องคอ,มากขึ้น,เซต,เนื้อหมู,ลูกชิ้น,หมูสับ,น้ำ,ซุป,พริก,บ่น,คู่,รสชาติ,เข้มข้น,ถึงขั้น,เค็ม,เส้นแข็ง,ตัว,หมู,อร่อย,เนื้อหมู,นิ่ม,รสชาติ,Chashu,Noko,Gyokai,Ramen,ชาม,ลัก,า,ระ,น้ำ,ซุป,เข้มข้น,เส้น,นิ่ม,ชาม,เค็ม,กลิ่น,ปลา,แห้ง,ซี,ฟู๊ต),แรง,เนื้อหมู,ไก่,อร่อย,เห,มือ,เดิม,ผิดหวัง,Chashu,Shio,Ramen,อันนี้,ราเมง,รส,เกลือ,เส้น,นิ่ม,น้ำ,ซุป,ใส,กิน,เนื้อหมู,ไก่,อร่อย,เห,มือ,เดิม,ชาม,ดี,ชาม,ข้าว,หน้า,หมู,ชาชู,ไข่,ออน,เซ็น,ชาม,ชิม,คำนึง,คุณพ่อ,กิน,จาน,บอ,อร่อย,ดี,นะคะ,ชิม,ส่วนตัว,หวาน,โอเค,นะคะ,เอ๊ะ,ชอบ,ไข่ต้ม,ทำ,ได้ดี,สุก,กำลังดี,รสชาติ,เค็ม,อร่อย,ดี,สรุป,เอ๊ะ,ประทับใจ,รสชาติ,เปลี่ยนไป,กิน,รอบ,:)",0,0.99977183,foodie review,2
16,"คุณภาพตกจนน่ากลัว
ราคาต่อหัว: 251 - 500 บาท
เมนูเด็ด: TsukemenNoodles
จากใจคนชอบทาน Ramen
เมือก่อนตอนมาไทยแรกๆ Menya Itto ดีกว่านี้มากๆ 30-50%
ตอนนี้รู้สึกรสชาติตกลงไปเยอะ

น้ำซุปเข้มข้นที่ทำมาวันนี้ เค็มมาก มันไม่มีมิติ ความมันกลมกล่อมเหมือนสูตรเดิมหลงเหลือเลย

ส่วนเส้น ร้านนี้ทำได้ดีอยู่ละ น่าจะเป็นเส้นนำเข้ามา
หมูก็มาตรฐาน ปานกลาง
ลูกชิ้นเนื้อไก่ก็ปานกลาง

ผมให้เหลือ 1 ดาวเพราะมาตรฐานตกไปเยอะ จาก 3-4 ดาว

มันไม่มีเสน่ห์หลงเหลือแล้ว
ส่วนที่จอดรถ รร Erawan หมุนรถต้องระวังครับ โค้งแคบมาก
อารมณ์ รร เก่า 30 ปีอัพ","คุณภาพ,ตก,น่ากลัว,ราคา,เมนู,เด็ด,Tsukemen,Noodles,ใจ,คน,ชอบ,ทาน,Ramen,เมือ,ตอน,ไทย,Menya,Itto,ดีกว่า,%,ตอนนี้,รู้สึก,รสชาติ,ตกลง,น้ำ,ซุป,เข้มข้น,ทำ,เค็ม,มิติ,ความมัน,กลมกล่อม,เหมือน,สูตร,เดิม,หลงเหลือ,เส้น,ทำ,ได้ดี,น่าจะเป็น,เส้น,เข้ามา,หมู,มาตรฐาน,ปานกลาง,ลูกชิ้น,เนื้อไก่,ปานกลาง,ผม,ดาว,มาตรฐาน,ตกไป,ดาว,มีเสน่ห์,หลงเหลือ,ที่จอดรถ,รร,Erawan,หมุน,รถ,ระวัง,โค้ง,แคบ,อารมณ์,รร,เก่า,ปี,อัพ",2,0.99911666,user experiances,1
17,เค็มมากกกกกกกกกกกก ทาน Chashu shio ramen เค็มมากกกกกก หมูชาชูนุ่มดี แต่นั่งได้โต๊ะละคนนะคะ ไม่เหมาะกับมากับเพื่อนฝูงของเด็ด: ChashuShioRamen,"เค็ม,กก,กก,กก,กก,กก,กก,ทาน,Chashu,shio,ramen,เค็ม,กก,กก,กก,หมู,ชาชู,นุ่ม,ดี,นั่ง,โต๊ะ,คน,นะคะ,เหมาะกับ,เพื่อนฝูง,เด็ด,ChashuShioRamen",2,0.99777967,user experiances,3
18,"
ร้านนี้เป็นร้านราเมนเจ้าดังมาก เค้าบอกกันว่าเป็นร้านราเมนอันดับ 1 ในโตเกียว 🇯🇵 และได้มาเปิดสาขาที่กรุงเทพ (เพิ่งเปิดเมื่อ เดือน กรกฎาคม 2560) คนต่อคิวกันเต็มเพื่อให้ได้กินราเมนอันโด่งดัง
Itto Noko Gyokai Tsukemen ลองสั่งเมนนูนี้มาทาน เป็นกานทานราเมนแบบเอาเส้นราเมนที่ลวกแห้งมา จุ่มกับน้ำซุปราเมนที่ใส่มาแยกถ้วย ความอร่อยอยู่ตรงน้ำซุปสำหรับจุ่มเส้นราเมน ที่มีความเข้มข้น แบบญี่ปุ่นมาก แต่พอทานไปมากๆเจอกับลิ้นคนไทยก็อาจเลี่ยนได้ ส่วนเนื้อหมูชาชู ไก่ ที่ใส่มา รสชาติค่อนข้างจืด โดยรวมแล้วรสชาติ อาจอร่อยสำหรับคนญี่ปุ่น แต่สำหรับคนไทยอาจจะยังไม่ค่อยชินในรสชาติแบบนี้
เกี้ยวซ่า รลชาติค่อนข้างจืดมาก","ราเมน,เจ้า,เค้า,ราเมน,อันดับ,โตเกียว,🇯🇵,สาขา,กรุงเทพ,เดือน,กรกฎาคม,คน,คิว,เต็ม,ให้ได้,กิน,ราเมน,โด่งดัง,Itto,Noko,Gyokai,Tsukemen,ลอง,สั่ง,เมน,นู,ทาน,กาน,ทาน,ราเมน,เส้น,ราเมน,ลวก,แห้ง,จุ่ม,น้ำ,ซุป,ราเมน,ใส่,แยก,ถ้วย,อร่อย,น้ำ,ซุป,สำหรับ,จุ่ม,เส้น,ราเมน,เข้มข้น,ญี่ปุ่น,ทาน,เจอ,ลิ้น,คนไทย,เลี่ยน,เนื้อหมู,ชาชู,ไก่,ใส่,รสชาติ,จืด,โดยรวม,รสชาติ,อร่อย,สำหรับ,คนญี่ปุ่น,สำหรับ,คนไทย,ชิน,รสชาติ,แบบนี้,เกี้ยว,ซ่า,รล,ชาติ,จืด",2,0.9992095,user experiances,3
19,"เส้นสึเคเมนเหนียวนุ่มอร่อยกับซุปไก่รสชาติเข้มข้นกลมกล่อม ที่สำคัญเค็มกำลังพอดี

เรื่องราวของร้านนี้ไม่มีอะไรมาก ก็คือเป็นร้านราเมนที่ได้อันดับ 1 ในเว็บไซต์ Tabelog ที่เป็นเว็บรีวิวร้านอาหารจากผู้ใช้งานเหมือนกับเว็บ Wongnai ของไทยนี่แหละ สาขาที่ญี่ปุ่นเห็นว่าต้องต่อคิวยาวเกือบครึ่งชั่วโมง ส่วนสาขานี้ที่ไทยเพิ่งเปิดใหม่ยังไม่ถึงเดือน เห็นว่าคิวยาวเหมือนกันถ้าเป็นตรงเวลามื้ออาหารพอดี

มื้อนี้ผมมาตอน 2 ทุ่มกว่า มีคนรออยู่ 2 คิวก่อนหน้า แต่โชคดีได้โต๊ะทันที แต่รออาหารนานเหมือนกัน

ร้านอยู่ชั้นใต้ดินของโรงแรมเอราวัณ แต่สามารถเดินเข้าจากทางฝั่งถนนพระราม 1 ได้เลย อยู่ตรงปากทางเข้าพอดีเด๊ะ

[ เมนูที่สั่ง ]
- Itto Noko Gyokai Tsukemen (350.-) เป็นเมนูที่เป็น signature ของร้าน ถ้ามาร้านนี้ยังไงก็ควรจะสั่งเมนูนี้เป็นอย่างแรก เส้นสึเคเมนเหนียวหนึบเคี้ยวมัน จุ่มกับน้ำซุปที่ร้านนี้ใช้เป็นซุปไก่รสชาติเข้มข้นที่ร้านบอกว่าเคี่ยวมาเป็นสิบชั่วโมง ความมันไม่มันมากและความเค็มก็กำลังพอดี (แต่ถ้ารู้สึกเค็มไปก็เติมซุป Wadashi ให้เจือจางลงได้) จะเสิร์ฟมาพร้อมกับพริกถ้วยเล็กๆ (มันคือน้ำพริกแห้งๆ ที่ทำจากกุ้งนี่แหละ) ผมลองใส่พริกแล้วไม่ค่อยเวิร์ค แนะนำว่าไม่ใส่จะดีกว่า ... เนื้อที่ให้มามี 3 อย่างคือ Bara Chashu (Pork belly), Rosu Chashu (Pork sholder) แล้วก็ Tori Chashu (เนื้อไก่) ซึ่งเนื้อจะถูกซูวีมาก่อนทำให้นุ่มเป็นพิเศษ เท่าที่กินมื้อนี้ผมว่าผมชอบ Rosu Chashu มากสุด

- ไข่ต้ม Tamago (35.-) ต้มมาแบบปรุงรสมาอย่างดี รสชาติเข้มข้นอร่อย แนะนำให้สั่งครับ

มื้อนี้ลองเฉพาะเมนูสึเคเมนอย่างเดียว 350 บาท ก็ถือว่าราคาสูงนะเพราะยังต้อง ++ อีก ถ้าราคาเบาลงกว่านี้ก็คงจะดี ... เพื่อนที่เคยกินสาขาที่ญี่ปุ่นบอกว่ารสชาติต่างกัน และเนื้อที่ใส่มาในสึเคเมนที่สาขาที่ญี่ปุ่นจะต่างไป (เห็นเพื่อนคุยกันว่าน่าจะเป็นเพราะที่ญี่ปุ่นได้มีการปรับเปลี่ยนสูตรไปจากสูตรดั้งเดิมพอสมควรแล้ว แต่พอมาเปิดที่ไทย เลยใช้สูตรดั้งเดิมก่อน) แต่ผมไม่ซีเรียสเรื่องที่ไม่เหมือนกัน ขอเทียบเฉพาะกับร้านในไทยพอครับ

เมื่อก่อนร้านสึเคเมนที่ชอบจะเป็นร้าน Nidaime Tsujita ที่อยู่ในโซน Ramen Champion ที่ Arena 10 (ที่ญี่ปุ่นร้านนี้ไม่ได้ดังอะไรมาก) ร้านนั้นเส้นสึเคเมนจะใหญ่และเคี้ยวมันกว่านี้ ส่วนน้ำซุปจะสู้ร้านนี้ไม่ได้ แต่ที่สำคัญกว่าคือร้านปิดไปแล้ว ... มีร้านนี้มาเปิดแล้วทำให้ได้ร้านสึเคเมนที่ชอบและอยากมากินอีกเรื่อยๆ กลับมาแล้ว สรุปแล้วคือ ดีกรีร้านราเมงอันดับ 1 ที่ญี่ปุ่น พอมาไทยก็ยังเป็นร้านที่เยี่ยมเช่นกัน","เส้น,สึ,เค,เมน,เหนียว,นุ่ม,อร่อย,ซุป,ไก่,รสชาติ,เข้มข้น,กลมกล่อม,เค็ม,เรื่องราว,ราเมน,อันดับ,เว็บไซต์,Tabelog,เว็บ,รีวิว,ร้านอาหาร,ผู้ใช้งาน,เหมือนกับ,เว็บ,Wongnai,ไทย,สาขา,ญี่ปุ่น,คิว,ครึ่ง,ชั่วโมง,สาขา,ไทย,เดือน,คิว,เหมือนกัน,ตรงเวลา,มื้อ,อาหาร,มื้อ,ผม,ตอน,ทุ่ม,คน,รอ,คิว,โชคดี,โต๊ะ,รอ,อาหาร,เหมือนกัน,ชั้นใต้ดิน,โรงแรม,เอราวัณ,เดิน,ฝั่ง,ถนน,พระราม,ปาก,ทางเข้า,เด๊ะ,[,เมนู,สั่ง,],Itto,Noko,Gyokai,Tsukemen,เมนู,signature,ควรจะ,สั่ง,เมนู,เส้น,สึ,เค,เมน,เหนียวหนึบ,เคี้ยว,จุ่ม,น้ำ,ซุป,ซุป,ไก่,รสชาติ,เข้มข้น,บอ,เคี่ยว,สิบ,ชั่วโมง,ความมัน,ความเค็ม,รู้สึก,เค็ม,เติม,ซุป,Wadashi,เจือจาง,เสิร์ฟ,พริก,ถ้วย,น้ำพริก,แห้ง,ทำ,กุ้ง,ผม,ลอง,ใส่,พริก,เวิร์ค,แนะนำ,ใส่,ดีกว่า,...,เนื้อที่,Bara,Chashu,Pork,belly,),,Rosu,Chashu,Pork,sholder,แล้วก็,Tori,Chashu,เนื้อไก่,เนื้อ,ซู,วี,นุ่ม,เป็นพิเศษ,กิน,มื้อ,ผม,ผม,ชอบ,Rosu,Chashu,ไข่ต้ม,Tamago,ต้ม,ปรุงรส,ดี,รสชาติ,เข้มข้น,อร่อย,แนะนำ,สั่ง,มื้อ,ลอง,เมนู,สึ,เค,เมน,ราคา,ราคา,เบา,ดี,...,เพื่อน,กิน,สาขา,ญี่ปุ่น,บอ,รสชาติ,ต่างกัน,เนื้อที่,ใส่,สึ,เค,เมน,สาขา,ญี่ปุ่น,เพื่อน,คุย,น่าจะเป็น,ญี่ปุ่น,ปรับเปลี่ยน,สูตร,สูตร,ดั้งเดิม,ไทย,สูตร,ดั้งเดิม,ผม,ซีเรียส,เรื่อง,เหมือนกัน,เทียบ,ไทย,สึ,เค,เมน,ชอบ,Nidaime,Tsujita,ที่อยู่,โซน,Ramen,Champion,Arena,ญี่ปุ่น,เส้น,สึ,เค,เมน,เคี้ยว,น้ำ,ซุป,สู้,...,ทำ,ให้ได้,สึ,เค,เมน,ชอบ,กิน,กลับมา,สรุป,ดีกรี,ราเมง,อันดับ,ญี่ปุ่น,ไทย,เยี่ยม",2,0.9997386,user experiances,4
20,"กลับไปซ้ำแน่นอน
ร้านราเมงชื่อดัง ต้องห้ามพลาด
ปกติเป็นคนไม่ชอบราเมงเค็มแต่ก็ต้องมาลองดู

กลัวคิวเยอะ แต่ตอนที่มาประมาณบ่ายโมงวันพุธ ไม่มีคิวเลย เข้าไปนั่ง สั่งอาหาร ไม่นานก็มา ฟิน

ราเมงที่สั่งคือ tsukemen original
มีหมู1แผ่น (ถ้าเป็นในรูปที่มี3ชิ้น จะมีไก่กับสามชั้นเพิ่มมา)

ซุปราเมงเค็มมากจริงๆ แต่เค้ามีน้ำซุปจืดๆให้เติมตามใจชอบ

เส้นของที่นี่ต้องยอมจริงๆ มันอวบมันfirmมันดีมาก ตรงเสป้คมากๆ

เส้นเย็นรีบไปจุ่มในซุปแล้วซู้ดเข้าปาก อร่อยลืมเค็ม

จะต้องกลับไปอีกแน่ๆ เส้นราเมงร้านนี้ลืมไม่ลงจริงๆ","ซ้ำ,แน่นอน,ราเมง,ชื่อดัง,ต้องห้าม,พลาด,ปกติ,คน,ชอบ,ราเมง,เค็ม,ลองดู,กลัว,คิว,ตอน,ที่มา,บ่ายโมง,พุธ,คิว,เข้าไป,นั่ง,สั่งอาหาร,ฟิน,ราเมง,สั่ง,tsukemen,original,หมู,แผ่น,รูป,ชิ้น,ไก่,สามชั้น,ซุป,ราเมง,เค็ม,เค้า,น้ำ,ซุป,จืด,เติม,ตามใจชอบ,เส้น,ที่นี่,อวบ,firm,ดีมาก,เส,ป้ค,เส้น,เย็น,รีบ,จุ่ม,ซุป,ซู้ด,ปาก,อร่อย,ลืม,เค็ม,แน่ๆ,เส้น,ราเมง,ลืม",0,0.9991245,foodie review,5
21,"ซุปดี เส้นใช้ได้ แต่ชาชูยังไม่โดนนะจ๊ะ
เมนูเด็ด: Chashu Noko Gyokai Ramen, Tokusei Shio Ramen
ร้านดังอันดับ1จากญี่ปุ่น ทำเส้นสด ซุปเบสเป็นซุปไก่ผสมของทะเล กลิ่นปลาหอมฟุ้ง รสไม่หนักแบบซุปกระดูกหมู โดดเด่นที่ใช้การทำชาชูด้วยวิธีแบบSous Vide ที่ช่วยคงความฉ่ำของเนื้อสัตว์ไว้ได้ดี แต่ทำออกมารสชาติอ่อนและขาดความหอมแบบวิธีดั้งเดิมไป เราเลือกชิมราเมงซุปเกลือ เส้นเล็ก ไม่เค็มมากเสริฟพร้อมซอสXO ส่วนราเมงแบบจุ่มเส้นที่เป็นSignature เส้นใหญ่หนึบไม่มากเสริฟเส้นเย็น ซุปร้อนค่อนข้างเค็มแต่ไม่เกาะเส้น รสน้ำซุปเลยไม่ติดเส้นเท่าที่ควร ในน้ำซุปมีลูกชิ้นไก่อร่อยมากแต่ระวังร้อนมากเช่นกัน มีพริกป่นมาให้เติมแก้เลี่ยน ทานไปซักระยะซุปจะเย็นทำให้รสเค็มชัดขึ้น ใครไม่ชอบเค็มมีน้ำซุปให้เติมแต่จะทำให้รสซุปจางเกินไป สั่งเกี๊ยวซ่าหมูอร่อยดีค่ะ โดยรวม รสชาติเบาๆไม่แน่นแบบซุปกระดูกหมู ออกแนวเฮลตี้หน่อย ความอร่อยเลยยังไม่โดนใจเราค่ะ","ซุป,ดี,เส้น,ใช้ได้,ชาชู,โดน,นะจ๊ะ,เมนู,เด็ด,Chashu,Noko,Gyokai,Ramen,,,Tokusei,Shio,Ramen,อันดับ,ญี่ปุ่น,ทำ,เส้น,สด,ซุป,เบส,ซุป,ไก่,ผสม,ทะเล,กลิ่น,ปลา,หอม,ฟุ้ง,รส,หนัก,ซุป,กระดูก,หมู,โดดเด่น,ใช้การ,ทำ,ชาชู,วิธี,Sous,Vide,ฉ่ำ,เนื้อสัตว์,ได้ดี,ทำ,ออกมา,รสชาติ,อ่อน,หอม,วิธี,ดั้งเดิม,เลือก,ชิม,ราเมง,ซุป,เกลือ,เส้น,เค็ม,เส,ริ,ฟ,ซอส,XO,ราเมง,จุ่ม,เส้น,Signature,เส้นใหญ่,หนึบ,เส,ริ,ฟ,เส้น,เย็น,ซุป,ร้อน,เค็ม,เกาะ,เส้น,รส,น้ำ,ซุป,ติด,เส้น,เท่าที่ควร,น้ำ,ซุป,ลูกชิ้น,ไก่,อร่อย,ระวัง,ร้อน,พริกป่น,เติม,แก้,เลี่ยน,ทาน,ซัก,ซุป,เย็น,รสเค็ม,ชัด,ชอบ,เค็ม,น้ำ,ซุป,เติม,รส,ซุป,จาง,เกินไป,สั่ง,เกี๊ยวซ่า,หมู,อร่อย,ดี,โดยรวม,รสชาติ,เบา,แน่น,ซุป,กระดูก,หมู,แนว,เฮลตี้,อร่อย,โดนใจ",0,0.9995786,foodie review,3
22,"Ramen ที่อยากลองมานาน
เห็นใครๆ ก็รีวิวร้านราเมนนี้มานานหลายเดือนมาก
วันนี้บังเอิญ ร้านมาเปิดบูทที่พารากอน รอแป๊ปเดียวก้อได้ละ เลยขอลองซะหน่อย 
สั่งเลยค่ะ ต้นตำรับของร้าน ราคา 350฿ มาแบบ เส้นราเมนหนาแบบเย็นโปะด้วยหมูรมควัน และน้ำซุปร้อนเคี่ยวเหนียวพร้อมให้จุ่มเส้น แต่รสชาติ น้ำซุปเค็มมาก ยิ่งกินไปน้ำซุปเริ่มหายร้อน ยิ่งเค็มมาก
ส่วนแฟน เป็นราเมนแบบธรรมดา 230฿ เส้นราเมนจะเล็กกว่า นำ้ซุปเค็มมากอีกแล้วค่ะ แฟนบ่นตั้งแต่คำแรกจนคำสุดท้าย  แต่ยังดีหมูชามนี้อร่อยซึ่งแฟนไม่ชอบ
สรุป 580฿ ครั้งนี้เป็นครั้งแรก และคงเป็นครั้งเดียวจริงๆ","Ramen,ลอง,รีวิว,ราเมน,เดือน,บังเอิญ,บูท,พารากอน,รอ,แป๊ป,ก้อ,ลอง,สั่ง,ต้นตำรับ,ราคา,เส้น,ราเมน,หนา,เย็น,โปะ,หมู,รมควัน,น้ำ,ซุป,ร้อน,เคี่ยว,เหนียว,จุ่ม,เส้น,รสชาติ,น้ำ,ซุป,เค็ม,กิน,น้ำ,ซุป,หาย,ร้อน,เค็ม,แฟน,ราเมน,ธรรมดา,เส้น,ราเมน,นำ้,ซุป,เค็ม,อีกแล้ว,แฟน,บ่น,สุดท้าย,  ,ดี,หมู,ชาม,อร่อย,แฟน,ชอบ,สรุป,เป็นครั้งแรก",1,0.99892235,ramen lover,2
23,ราเมงอร่อย สะอาด ,"ราเมง,อร่อย,สะอาด",0,0.0112743545,foodie review,5
24,เส้นจะมีความแข็งมากกว่าที่อื่น รสชาติจะออกไปทานเค็ม มาก ไปหน่อย,"เส้น,ความแข็ง,ที่อื่น,รสชาติ,ทาน,เค็ม",0,0.9909305,foodie review,3
25,"เมนู: ShioRamen, ไข่มะตูม
เส้นเหนียวนุ่ม รสชาติเข้มข้นกำลังดี
อยู่ใกล้รถไฟฟ้าชิดลม เดินทางสะดวก
มารอบสองแล้วก็ยังประทับใจในรสชาติ","เมนู,ShioRamen,,,ไข่,มะตูม,เส้น,เหนียว,นุ่ม,รสชาติ,เข้มข้น,กำลังดี,รถไฟฟ้า,ชิด,ลม,เดินทาง,สะดวก,รอบ,สอง,แล้วก็,ประทับใจ,รสชาติ",1,0.99706835,ramen lover,4
26,"Shio Ramen เข้มข้นด้วยรสไก่
วันก่อนมีธุระแถว Erawan เลยไปลองทานซ้ำอีกรอบ แต่คราวนี้สั่ง Shio Ramen แทน

น้ำซุปใส เข้มข้นไปด้วยรสชาติของไก่ เส้นลวกมาแข็งกำลังดี นับว่าดีขึ้นเยอะกว่าตอนมาครั้งแรก

แต่ตกม้าตายตรงขนมหวาน creme brulee เนื้อแห้งแข็ง พร้อม strawberry compote ที่ก้นขวดซึ่งไม่ได้เข้ากัน ผิดหวังครับ
ราคา: ราวๆ 300 บาทต่อคน

ส่วนตัวให้ 3 ดาวยังเฉยๆอยู่","Shio,Ramen,เข้มข้น,รส,ไก่,วันก่อน,มีธุระ,แถว,Erawan,ลอง,ทาน,ซ้ำ,อี,กรอบ,สั่ง,Shio,Ramen,แทน,น้ำ,ซุป,ใส,เข้มข้น,รสชาติ,ไก่,เส้น,ลวก,แข็ง,กำลังดี,นับว่า,ดีขึ้น,ตอน,ครั้งแรก,ตกม้าตาย,ขนมหวาน,creme,brulee,เนื้อ,แห้ง,แข็ง,strawberry,compote,ก้น,ขวด,เข้ากัน,ผิดหวัง,ราคา,ราวๆ,คน,ส่วนตัว,ดาว",0,0.9988973,foodie review,3
27,"ซุปข้น (ทรัพย์จาง)
มาทานเป็นครั้งที่2 และลองทานเป็นแบบราเมงทั่วไปดูบ้าง และสั่งเกี๊ยวซ่ามาชิมด้วย
เริ่มทานแรกๆก็รู้สึกอร่อยดี ซุปเข้มข้นมันดี เส้นนุ่ม อกไก่ หมูชาชูหอมดี แต่พอทานไปสักพักชักเลี่ยนค่ะ แหะๆ คงเพราะรสชาติมันเข้ม&มันมากและไม่มีรสอื่นมาตัด ส่วนตัวชอบแบบที่แยกน้ำซุปมากกว่าค่ะ

มื้อนี้สั่งราเมง2ชาม สั่งเนื้อสัตว์เพิ่ม1จาน(6ชิ้น) และเกี๊ยวซ่า1จาน. ราคารวม900++ค่ะ ","ซุป,ข้น,ทรัพย์,จาง,ทาน,ลอง,ทาน,ราเมง,ไปดู,สั่ง,เกี๊ยวซ่า,ชิม,ทาน,รู้สึก,อร่อย,ดี,ซุป,เข้มข้น,มันดี,เส้น,นุ่ม,อกไก่,หมู,ชาชู,หอ,มดี,ทาน,สักพัก,ชัก,เลี่ยน,แหะๆ,รสชาติ,เข้ม,&,มีรส,ตัด,ส่วนตัว,ชอบ,แยก,น้ำ,ซุป,มื้อ,สั่ง,ราเมง,ชาม,สั่ง,เนื้อสัตว์,จาน,ชิ้น,เกี๊ยวซ่า,จา,น.,ราคา",0,0.9989596,foodie review,3
28,"ราเมนซุปไก่ รสชาติดีใช้ได้
ร้านอยู่ชั้นใต้ดินของเอราวัณ หาง่าย
สึเคเมน เส้นแข็งไปนิด อันนี้แล้วแต่คนชอบ
น้ำซุปอร่อยดี
ชิโอะราเมน น้ำซุปไก่ใส่เกลือ รสชาติดีใช้ได้ ค่นไปทางเค็ม เนื้อไก่ที่ให้มา เนื้อสัมผัสแปลกดี นุ่มเนียนแทบจะเหมือนไก่บด แต่กลับทำให้คิดถึงอกไก่ 7-11 เค้าจะเสียใจมั้ยนะ ที่คนกินคิดแบบนี้","ราเมน,ซุป,ไก่,รสชาติ,ดี,ใช้ได้,ชั้นใต้ดิน,เอราวัณ,หา,สึ,เค,เมน,เส้นแข็ง,อันนี้,คน,ชอบ,น้ำ,ซุป,อร่อย,ดี,ชิ,โอะ,ราเมน,น้ำ,ซุป,ไก่,ใส่,เกลือ,รสชาติ,ดี,ใช้ได้,ค่น,เค็ม,เนื้อไก่,เนื้อ,สัมผัส,แปลก,ดี,นุ่ม,เนียน,แทบจะ,เหมือน,ไก่,บด,แต่กลับ,คิดถึง,อกไก่,เค้า,เสียใจ,คน,กิน,แบบนี้",1,0.9987568,ramen lover,4
29,"อร่อยสมคำร่ำลือ
รีบไปจัด หลังจากที่พี่หยีคอนเฟิร์มว่าอร่อยค่ะ
ร้านเปิดช่วงเย็น18น ไปถึงหลังร้านเปิดแค่5นาที คนเต็มร้านเลยค่า แล้วก็ค่อยๆมาทยอยต่อคิวกัน
ที่จอดรถสบายๆ ในโรงแรมเอราวัณ
ร้านไม่ใหญ่ มาคนเดียวก็นั่งcounter คนมาทานหลังเลิกงานเยอะอยู่ค่ะ
ครั้งนี้มาลอง tsukemen ขึ้นชื่อของร้าน อร่อยจริงค่ะ แต่มันมากไปหน่อย พอดีสั่ง Scallop oilมาลองด้วย ยิ่งเพิ่มความมัน พริกป่นที่นี่ไม่เผ็ดเท่าไรค่ะ
ราคาก็ค่อนข้างแพงเลยค่ะ","อร่อย,สม,ร่ำ,ลือ,รีบ,หลังจากที่,พี่,หยี,คอนเฟิร์ม,อร่อย,เย็น,น,นาที,คน,เต็ม,ค่า,แล้วก็,ทยอย,คิว,ที่จอดรถ,โรงแรม,เอราวัณ,คนเดียว,นั่ง,counter,คน,ทาน,เลิกงาน,ลอง,tsukemen,ขึ้นชื่อ,อร่อย,สั่ง,Scallop,oil,ลอง,ความมัน,พริกป่น,ที่นี่,เผ็ด,ราคา,แพง",2,0.99857086,user experiances,5
30,"ร้านราเม็งชื่อดังจากญีปุ่่นมาเปิดสาขาควรลอง
ราคาต่อหัว: 251 - 500 บาท
Menya Ittou เป็นร้านราเม็งดังที่ได้รางวัลมากมายจากที่โตเกียวครับ โดยร้านออริจินอลไปทานแต่ละทีต้องต่อคิวยาวเป็น ชม เลย มาเปิดสาขากลางเมืองบ้านเราแล้วสะดวกขึ้นมาก ตัวเด่นของร้านยังคงเป็น Tsukemen เหมือนเดิม เครื่องทั้ง 3 ที่ทอปมาอร่อยเช่นของเดิม ยังมีดาชิไว้ให้เทลงซุปซดทานได้ด้วย แต่แอบรู้สึกว่าน้ำไม่เข้มข้นเท่าที่โน่นนิดนึง แต่โดยรวมคือดีงามครับ ใครชอบทาน Tsukemen ควรลอง ","ราเม็ง,ชื่อดัง,ญีปุ่่น,สาขา,ลอง,ราคา,Menya,Ittou,ราเม็ง,ดังที่,รางวัล,โตเกียว,ร้า,นอ,อริ,จิ,นอ,ล,ทาน,คิว,ชม,สาขา,กลางเมือง,บ้าน,สะดวก,ตัว,เด่น,Tsukemen,เหมือนเดิม,เครื่อง,ทอ,ป,อร่อย,เดิม,ยังมี,ดา,ชิ,เท,ซุป,ซด,ทาน,แอบ,รู้สึก,น้ำ,เข้มข้น,ที่โน่น,นิดนึง,โดยรวม,ดีงาม,ชอบ,ทาน,Tsukemen,ลอง",0,0.9989596,foodie review,5
